Gene.ID	g4_g3	g2_g1
ENSG00000001084	81	64
ENSG00000002549	52	41
ENSG00000002834	56	89
ENSG00000004142	67	38
ENSG00000004660	98	76
ENSG00000004766	63	5
ENSG00000004779	57	92
ENSG00000004864	20	32
ENSG00000004939	88	80
ENSG00000005007	54	30
ENSG00000005194	54	31
ENSG00000005810	46	46
ENSG00000005882	0	72
ENSG00000005893	52	22
ENSG00000006125	40	5
ENSG00000006282	41	93
ENSG00000006625	65	98
ENSG00000006740	28	69
ENSG00000007168	55	39
ENSG00000007237	48	90
ENSG00000007402	76	52
ENSG00000007923	47	55
ENSG00000008056	24	16
ENSG00000008988	50	27
ENSG00000009307	42	52
ENSG00000009844	31	14
ENSG00000010017	18	65
ENSG00000010256	36	82
ENSG00000010278	39	95
ENSG00000011021	85	85
ENSG00000011295	9	95
ENSG00000011347	68	39
ENSG00000011376	33	64
ENSG00000011426	48	99
ENSG00000011485	86	50
ENSG00000011677	86	41
ENSG00000012822	81	95
ENSG00000013016	60	57
ENSG00000013297	96	91
ENSG00000013364	52	60
ENSG00000013583	69	24
ENSG00000014123	82	16
ENSG00000014216	57	6
ENSG00000014641	42	2
ENSG00000014824	25	89
ENSG00000014919	40	12
ENSG00000015475	78	39
ENSG00000017797	98	6
ENSG00000018189	71	23
ENSG00000018236	29	60
ENSG00000018625	23	33
ENSG00000019144	99	72
ENSG00000020129	71	44
ENSG00000021300	35	71
ENSG00000021574	89	77
ENSG00000022355	2	83
ENSG00000023287	79	69
ENSG00000023318	19	12
ENSG00000023697	77	21
ENSG00000023734	66	62
ENSG00000024422	37	1
ENSG00000025772	91	34
ENSG00000026508	62	89
ENSG00000028528	5	35
ENSG00000029534	31	32
ENSG00000029725	46	68
ENSG00000031698	28	31
ENSG00000032444	74	44
ENSG00000033178	58	24
ENSG00000033627	28	54
ENSG00000034713	60	88
ENSG00000035403	8	8
ENSG00000035687	41	64
ENSG00000036257	96	13
ENSG00000038274	11	60
ENSG00000038382	53	16
ENSG00000038427	16	33
ENSG00000039319	98	23
ENSG00000040341	6	25
ENSG00000040731	72	95
ENSG00000040933	29	18
ENSG00000041982	69	80
ENSG00000042493	55	45
ENSG00000042753	24	54
ENSG00000044574	59	8
ENSG00000047056	7	22
ENSG00000047249	5	71
ENSG00000047410	18	4
ENSG00000047457	20	38
ENSG00000047849	26	61
ENSG00000048392	51	31
ENSG00000048707	18	45
ENSG00000049759	7	63
ENSG00000049860	88	4
ENSG00000050165	55	53
ENSG00000050405	98	68
ENSG00000050426	47	52
ENSG00000051620	88	40
ENSG00000054116	70	15
ENSG00000054356	98	89
ENSG00000054654	84	99
ENSG00000054983	88	56
ENSG00000055163	26	4
ENSG00000055332	32	49
ENSG00000055955	98	94
ENSG00000057608	60	18
ENSG00000057663	21	79
ENSG00000057757	25	39
ENSG00000058272	87	97
ENSG00000058404	39	9
ENSG00000058668	68	1
ENSG00000059573	76	36
ENSG00000059915	85	76
ENSG00000060971	98	31
ENSG00000060982	31	34
ENSG00000061676	29	31
ENSG00000061918	24	19
ENSG00000061987	42	69
ENSG00000062485	2	12
ENSG00000062598	81	11
ENSG00000063177	46	57
ENSG00000064042	19	30
ENSG00000064607	76	10
ENSG00000064651	24	27
ENSG00000065000	85	94
ENSG00000065135	58	35
ENSG00000065154	7	66
ENSG00000065427	53	49
ENSG00000065518	37	97
ENSG00000065534	18	72
ENSG00000065559	74	48
ENSG00000065609	75	89
ENSG00000065833	68	3
ENSG00000066027	27	52
ENSG00000066032	30	47
ENSG00000066044	64	23
ENSG00000066084	59	72
ENSG00000066248	54	92
ENSG00000066427	86	91
ENSG00000066557	51	57
ENSG00000066583	50	87
ENSG00000066739	46	84
ENSG00000066926	52	37
ENSG00000067057	61	7
ENSG00000067141	23	2
ENSG00000067177	81	8
ENSG00000067191	54	70
ENSG00000067369	83	28
ENSG00000067704	16	10
ENSG00000067715	11	86
ENSG00000067829	65	7
ENSG00000067836	0	59
ENSG00000067900	91	32
ENSG00000067992	48	85
ENSG00000068120	83	17
ENSG00000068383	27	42
ENSG00000068400	0	38
ENSG00000068615	94	0
ENSG00000068796	45	76
ENSG00000068912	86	81
ENSG00000068976	23	33
ENSG00000069329	76	96
ENSG00000069345	10	91
ENSG00000069424	1	81
ENSG00000069535	30	42
ENSG00000069849	4	9
ENSG00000069966	34	59
ENSG00000070010	62	5
ENSG00000070061	68	0
ENSG00000070081	86	53
ENSG00000070087	75	6
ENSG00000070182	73	1
ENSG00000070214	41	14
ENSG00000070366	79	77
ENSG00000070367	69	67
ENSG00000070610	77	86
ENSG00000070669	74	64
ENSG00000070718	64	58
ENSG00000070808	30	83
ENSG00000070831	92	28
ENSG00000070882	94	16
ENSG00000070961	25	79
ENSG00000071051	7	2
ENSG00000071127	89	42
ENSG00000071242	48	8
ENSG00000071553	76	67
ENSG00000072042	57	86
ENSG00000072110	36	48
ENSG00000072134	22	67
ENSG00000072501	91	24
ENSG00000072506	12	73
ENSG00000072778	74	73
ENSG00000072832	39	53
ENSG00000072952	96	0
ENSG00000073008	62	57
ENSG00000073578	51	26
ENSG00000073670	79	38
ENSG00000073921	11	25
ENSG00000074054	70	43
ENSG00000074317	19	55
ENSG00000074319	58	34
ENSG00000074582	28	44
ENSG00000074590	1	6
ENSG00000074800	29	83
ENSG00000074842	86	53
ENSG00000075142	9	96
ENSG00000075239	13	57
ENSG00000075340	40	51
ENSG00000075391	82	27
ENSG00000075413	52	64
ENSG00000075618	30	34
ENSG00000075651	90	15
ENSG00000075711	35	15
ENSG00000075785	3	15
ENSG00000075945	9	70
ENSG00000076043	3	64
ENSG00000076201	73	25
ENSG00000076356	88	90
ENSG00000076513	91	40
ENSG00000076554	49	44
ENSG00000076685	31	31
ENSG00000076706	77	90
ENSG00000076826	17	56
ENSG00000076864	17	73
ENSG00000077063	47	88
ENSG00000077097	78	58
ENSG00000077522	22	97
ENSG00000077549	41	59
ENSG00000078018	15	40
ENSG00000078053	55	91
ENSG00000078070	14	44
ENSG00000078114	98	68
ENSG00000078140	86	40
ENSG00000078142	82	42
ENSG00000078237	31	47
ENSG00000078668	72	39
ENSG00000078902	85	21
ENSG00000079246	52	58
ENSG00000079308	12	51
ENSG00000079332	72	6
ENSG00000079435	25	20
ENSG00000079691	47	38
ENSG00000079739	9	73
ENSG00000079785	66	92
ENSG00000079805	39	76
ENSG00000079819	9	87
ENSG00000079841	99	96
ENSG00000079931	52	65
ENSG00000079950	26	55
ENSG00000080371	28	2
ENSG00000080493	47	61
ENSG00000080819	53	38
ENSG00000080824	48	3
ENSG00000080845	79	36
ENSG00000080854	23	90
ENSG00000081307	33	67
ENSG00000081760	68	0
ENSG00000081803	10	74
ENSG00000082153	79	69
ENSG00000082212	50	55
ENSG00000082397	2	29
ENSG00000082458	31	23
ENSG00000082898	1	59
ENSG00000083312	58	43
ENSG00000083799	93	67
ENSG00000084070	94	41
ENSG00000084073	55	21
ENSG00000084207	62	65
ENSG00000084234	88	65
ENSG00000084444	14	90
ENSG00000084674	40	53
ENSG00000084733	72	70
ENSG00000084754	31	8
ENSG00000085117	86	45
ENSG00000085224	42	99
ENSG00000085377	77	68
ENSG00000085662	2	44
ENSG00000085719	89	17
ENSG00000085832	39	94
ENSG00000086289	58	58
ENSG00000086758	70	39
ENSG00000086827	90	24
ENSG00000087053	70	16
ENSG00000087086	90	3
ENSG00000087191	95	76
ENSG00000087274	55	23
ENSG00000087299	96	73
ENSG00000087302	24	95
ENSG00000087365	31	73
ENSG00000087460	49	36
ENSG00000087470	26	81
ENSG00000087842	42	47
ENSG00000088247	32	60
ENSG00000088367	36	13
ENSG00000088682	78	74
ENSG00000088832	40	96
ENSG00000088833	37	25
ENSG00000088992	57	40
ENSG00000089006	7	0
ENSG00000089009	0	79
ENSG00000089154	16	19
ENSG00000089157	22	52
ENSG00000089169	33	98
ENSG00000089248	45	23
ENSG00000089250	81	46
ENSG00000089280	6	22
ENSG00000089289	64	47
ENSG00000089597	27	17
ENSG00000090054	98	23
ENSG00000090273	10	47
ENSG00000090339	69	99
ENSG00000090615	95	32
ENSG00000090621	5	29
ENSG00000090861	29	7
ENSG00000090863	39	27
ENSG00000090975	60	46
ENSG00000091129	5	86
ENSG00000091140	25	83
ENSG00000091157	82	56
ENSG00000091164	60	76
ENSG00000091409	67	69
ENSG00000091428	63	91
ENSG00000091483	41	54
ENSG00000091513	7	73
ENSG00000091527	32	36
ENSG00000091622	68	93
ENSG00000092094	68	50
ENSG00000092621	71	48
ENSG00000092820	33	94
ENSG00000093144	12	62
ENSG00000093167	2	15
ENSG00000094631	64	46
ENSG00000095139	54	19
ENSG00000095261	26	51
ENSG00000095321	18	4
ENSG00000095637	33	31
ENSG00000095713	80	46
ENSG00000096384	45	65
ENSG00000096746	77	9
ENSG00000097021	26	72
ENSG00000097033	11	5
ENSG00000099204	41	6
ENSG00000099246	18	72
ENSG00000099282	37	99
ENSG00000099308	14	85
ENSG00000099622	57	53
ENSG00000099624	83	2
ENSG00000099625	92	97
ENSG00000099783	13	46
ENSG00000099800	38	64
ENSG00000099814	63	77
ENSG00000099822	52	18
ENSG00000099864	7	31
ENSG00000099942	12	72
ENSG00000099968	91	90
ENSG00000100028	28	1
ENSG00000100030	62	35
ENSG00000100075	37	23
ENSG00000100083	13	36
ENSG00000100097	55	97
ENSG00000100116	35	96
ENSG00000100129	74	36
ENSG00000100167	23	54
ENSG00000100201	78	39
ENSG00000100220	12	92
ENSG00000100226	10	10
ENSG00000100241	31	68
ENSG00000100243	3	23
ENSG00000100266	55	13
ENSG00000100280	12	74
ENSG00000100284	95	47
ENSG00000100285	37	17
ENSG00000100304	83	45
ENSG00000100345	34	82
ENSG00000100347	79	76
ENSG00000100353	61	67
ENSG00000100364	85	18
ENSG00000100380	70	95
ENSG00000100401	15	20
ENSG00000100412	14	83
ENSG00000100427	41	35
ENSG00000100442	32	92
ENSG00000100445	8	64
ENSG00000100462	34	62
ENSG00000100519	80	65
ENSG00000100523	91	13
ENSG00000100554	41	33
ENSG00000100567	63	85
ENSG00000100577	78	74
ENSG00000100591	3	66
ENSG00000100592	57	23
ENSG00000100614	93	12
ENSG00000100664	64	54
ENSG00000100714	67	29
ENSG00000100764	55	62
ENSG00000100804	56	32
ENSG00000100813	84	78
ENSG00000100836	84	35
ENSG00000100883	44	82
ENSG00000100902	46	8
ENSG00000100983	21	57
ENSG00000100994	23	47
ENSG00000101132	71	78
ENSG00000101150	22	97
ENSG00000101199	8	37
ENSG00000101335	6	93
ENSG00000101347	23	46
ENSG00000101365	3	31
ENSG00000101367	26	25
ENSG00000101400	56	82
ENSG00000101439	73	14
ENSG00000101444	18	22
ENSG00000101474	1	15
ENSG00000101557	17	51
ENSG00000101558	56	97
ENSG00000101596	97	21
ENSG00000101940	38	59
ENSG00000102003	9	62
ENSG00000102024	61	69
ENSG00000102054	30	48
ENSG00000102109	11	89
ENSG00000102144	33	78
ENSG00000102172	66	24
ENSG00000102178	15	30
ENSG00000102189	46	6
ENSG00000102226	96	44
ENSG00000102390	37	10
ENSG00000102401	33	86
ENSG00000102547	17	2
ENSG00000102606	90	23
ENSG00000102699	95	20
ENSG00000102738	80	16
ENSG00000102763	91	43
ENSG00000102781	81	11
ENSG00000102879	22	24
ENSG00000102882	2	18
ENSG00000102893	86	10
ENSG00000102900	14	48
ENSG00000102967	37	21
ENSG00000103024	92	41
ENSG00000103034	32	96
ENSG00000103056	63	43
ENSG00000103154	74	92
ENSG00000103160	5	57
ENSG00000103187	68	99
ENSG00000103194	47	2
ENSG00000103197	22	63
ENSG00000103266	81	3
ENSG00000103274	72	60
ENSG00000103316	60	85
ENSG00000103356	86	48
ENSG00000103363	2	50
ENSG00000103381	81	79
ENSG00000103485	40	87
ENSG00000103496	22	13
ENSG00000103507	0	81
ENSG00000103540	59	63
ENSG00000103647	31	25
ENSG00000103723	4	74
ENSG00000103740	93	8
ENSG00000103876	42	21
ENSG00000103966	30	28
ENSG00000104093	10	63
ENSG00000104112	64	98
ENSG00000104131	42	46
ENSG00000104142	75	10
ENSG00000104237	47	99
ENSG00000104267	18	73
ENSG00000104325	10	24
ENSG00000104375	97	83
ENSG00000104381	40	20
ENSG00000104408	7	57
ENSG00000104435	70	67
ENSG00000104490	54	30
ENSG00000104722	58	57
ENSG00000104763	19	85
ENSG00000104805	53	21
ENSG00000104812	58	45
ENSG00000104833	73	88
ENSG00000104852	85	31
ENSG00000104915	95	77
ENSG00000104946	86	20
ENSG00000104980	4	45
ENSG00000105185	51	29
ENSG00000105193	35	57
ENSG00000105197	34	66
ENSG00000105223	14	50
ENSG00000105245	17	77
ENSG00000105254	82	98
ENSG00000105255	80	42
ENSG00000105270	97	54
ENSG00000105290	4	65
ENSG00000105357	36	41
ENSG00000105372	65	13
ENSG00000105376	57	85
ENSG00000105379	74	63
ENSG00000105401	60	47
ENSG00000105402	84	28
ENSG00000105409	72	27
ENSG00000105426	47	93
ENSG00000105443	49	40
ENSG00000105514	37	72
ENSG00000105519	91	98
ENSG00000105607	14	24
ENSG00000105669	43	13
ENSG00000105676	82	68
ENSG00000105695	19	20
ENSG00000105767	82	39
ENSG00000105778	1	91
ENSG00000105819	97	31
ENSG00000105835	77	71
ENSG00000105855	81	26
ENSG00000105926	28	28
ENSG00000105953	35	61
ENSG00000106049	87	42
ENSG00000106052	82	30
ENSG00000106078	19	77
ENSG00000106105	27	54
ENSG00000106211	84	42
ENSG00000106244	82	75
ENSG00000106263	38	65
ENSG00000106266	98	71
ENSG00000106278	12	6
ENSG00000106299	52	63
ENSG00000106351	5	11
ENSG00000106367	95	24
ENSG00000106524	6	43
ENSG00000106605	77	80
ENSG00000106615	81	5
ENSG00000106665	68	21
ENSG00000106682	54	71
ENSG00000106683	96	10
ENSG00000106701	7	46
ENSG00000106789	77	90
ENSG00000106976	27	27
ENSG00000106992	49	27
ENSG00000107130	21	58
ENSG00000107263	83	92
ENSG00000107295	4	24
ENSG00000107331	99	33
ENSG00000107581	70	53
ENSG00000107758	76	55
ENSG00000107862	12	66
ENSG00000107863	68	63
ENSG00000107897	74	9
ENSG00000107959	82	4
ENSG00000108010	59	39
ENSG00000108039	78	86
ENSG00000108064	29	60
ENSG00000108094	54	52
ENSG00000108187	71	49
ENSG00000108231	37	44
ENSG00000108309	36	73
ENSG00000108344	63	10
ENSG00000108381	58	25
ENSG00000108387	34	67
ENSG00000108424	93	46
ENSG00000108439	29	2
ENSG00000108465	73	48
ENSG00000108479	64	21
ENSG00000108528	64	41
ENSG00000108559	86	6
ENSG00000108578	11	8
ENSG00000108582	62	19
ENSG00000108654	6	58
ENSG00000108669	67	80
ENSG00000108671	65	26
ENSG00000108679	56	74
ENSG00000108774	92	59
ENSG00000108797	48	18
ENSG00000108829	91	56
ENSG00000108852	14	26
ENSG00000108883	4	5
ENSG00000108946	37	64
ENSG00000108984	60	93
ENSG00000109062	68	12
ENSG00000109107	2	26
ENSG00000109180	67	61
ENSG00000109472	97	88
ENSG00000109519	62	55
ENSG00000109654	66	75
ENSG00000109846	25	83
ENSG00000109917	91	89
ENSG00000109971	4	41
ENSG00000110047	67	15
ENSG00000110048	16	3
ENSG00000110090	59	41
ENSG00000110107	69	38
ENSG00000110169	98	74
ENSG00000110315	62	73
ENSG00000110321	50	38
ENSG00000110344	71	26
ENSG00000110367	36	14
ENSG00000110395	79	56
ENSG00000110435	60	89
ENSG00000110436	33	40
ENSG00000110442	80	65
ENSG00000110514	3	11
ENSG00000110697	89	42
ENSG00000110700	65	75
ENSG00000110711	97	20
ENSG00000110717	47	37
ENSG00000110871	74	2
ENSG00000110880	5	24
ENSG00000110917	51	20
ENSG00000110921	82	30
ENSG00000110931	25	21
ENSG00000110955	4	69
ENSG00000111052	3	66
ENSG00000111077	51	74
ENSG00000111110	75	32
ENSG00000111144	47	66
ENSG00000111275	16	49
ENSG00000111344	80	75
ENSG00000111481	84	18
ENSG00000111530	67	5
ENSG00000111540	95	25
ENSG00000111605	98	34
ENSG00000111652	42	15
ENSG00000111669	48	69
ENSG00000111674	25	12
ENSG00000111696	29	90
ENSG00000111726	61	83
ENSG00000111731	15	88
ENSG00000111737	40	90
ENSG00000111801	20	9
ENSG00000111906	97	86
ENSG00000111912	87	14
ENSG00000111961	67	18
ENSG00000112137	59	90
ENSG00000112186	14	71
ENSG00000112210	80	59
ENSG00000112290	80	61
ENSG00000112294	13	16
ENSG00000112305	75	21
ENSG00000112335	28	38
ENSG00000112339	85	86
ENSG00000112379	90	52
ENSG00000112425	91	86
ENSG00000112531	60	31
ENSG00000112640	24	79
ENSG00000112685	5	23
ENSG00000112697	99	28
ENSG00000112851	42	88
ENSG00000112992	19	56
ENSG00000113013	40	5
ENSG00000113048	32	33
ENSG00000113282	19	44
ENSG00000113312	90	17
ENSG00000113368	32	11
ENSG00000113387	38	91
ENSG00000113407	14	59
ENSG00000113448	60	71
ENSG00000113522	21	64
ENSG00000113552	77	49
ENSG00000113578	84	17
ENSG00000113643	72	16
ENSG00000113657	56	56
ENSG00000113758	45	99
ENSG00000113763	76	26
ENSG00000113966	59	88
ENSG00000114021	20	4
ENSG00000114054	2	96
ENSG00000114098	77	60
ENSG00000114115	51	17
ENSG00000114209	50	50
ENSG00000114302	79	90
ENSG00000114353	18	88
ENSG00000114354	58	1
ENSG00000114383	57	88
ENSG00000114416	66	19
ENSG00000114480	94	91
ENSG00000114491	1	56
ENSG00000114520	6	41
ENSG00000114573	20	49
ENSG00000114646	67	87
ENSG00000114698	42	37
ENSG00000114742	41	52
ENSG00000114757	28	11
ENSG00000114948	69	97
ENSG00000115053	4	92
ENSG00000115091	23	58
ENSG00000115159	10	30
ENSG00000115194	17	94
ENSG00000115211	86	68
ENSG00000115233	93	0
ENSG00000115234	93	51
ENSG00000115252	47	60
ENSG00000115275	92	67
ENSG00000115306	25	5
ENSG00000115310	17	73
ENSG00000115355	49	46
ENSG00000115364	98	77
ENSG00000115365	52	14
ENSG00000115415	35	21
ENSG00000115419	27	44
ENSG00000115484	85	53
ENSG00000115524	42	35
ENSG00000115541	56	88
ENSG00000115677	90	8
ENSG00000115685	33	8
ENSG00000115808	64	44
ENSG00000115840	38	67
ENSG00000115866	80	11
ENSG00000115875	96	95
ENSG00000115896	82	17
ENSG00000115902	50	75
ENSG00000115944	53	98
ENSG00000115977	78	54
ENSG00000116005	26	13
ENSG00000116030	38	4
ENSG00000116120	30	26
ENSG00000116141	15	92
ENSG00000116147	15	2
ENSG00000116161	50	95
ENSG00000116171	63	74
ENSG00000116251	73	44
ENSG00000116266	74	92
ENSG00000116288	39	58
ENSG00000116337	9	53
ENSG00000116544	97	92
ENSG00000116560	43	84
ENSG00000116584	85	75
ENSG00000116586	19	79
ENSG00000116675	30	56
ENSG00000116688	80	87
ENSG00000116747	1	6
ENSG00000116750	4	68
ENSG00000116791	33	23
ENSG00000116871	74	56
ENSG00000116874	39	41
ENSG00000116885	88	27
ENSG00000116903	7	29
ENSG00000117016	10	54
ENSG00000117054	29	31
ENSG00000117115	19	79
ENSG00000117118	25	40
ENSG00000117143	46	19
ENSG00000117298	96	34
ENSG00000117305	3	67
ENSG00000117394	24	39
ENSG00000117448	24	13
ENSG00000117450	9	98
ENSG00000117528	96	6
ENSG00000117592	16	68
ENSG00000117593	92	89
ENSG00000117632	72	52
ENSG00000117640	14	14
ENSG00000117691	77	43
ENSG00000117748	56	39
ENSG00000117791	51	36
ENSG00000117868	29	41
ENSG00000117984	14	16
ENSG00000118137	45	9
ENSG00000118160	93	36
ENSG00000118271	90	85
ENSG00000118298	32	76
ENSG00000118473	17	94
ENSG00000118705	92	34
ENSG00000118873	58	42
ENSG00000119013	51	95
ENSG00000119125	21	50
ENSG00000119139	84	64
ENSG00000119280	13	50
ENSG00000119318	83	53
ENSG00000119383	5	34
ENSG00000119396	43	21
ENSG00000119401	21	78
ENSG00000119414	63	3
ENSG00000119431	68	88
ENSG00000119471	85	52
ENSG00000119541	55	18
ENSG00000119638	2	81
ENSG00000119640	52	62
ENSG00000119689	41	47
ENSG00000119711	23	38
ENSG00000119723	34	95
ENSG00000119787	54	19
ENSG00000119979	20	27
ENSG00000120053	36	29
ENSG00000120063	11	84
ENSG00000120251	4	53
ENSG00000120254	39	65
ENSG00000120438	33	8
ENSG00000120549	41	20
ENSG00000120694	48	34
ENSG00000120705	59	28
ENSG00000120860	94	93
ENSG00000120885	24	43
ENSG00000120899	8	1
ENSG00000120910	96	29
ENSG00000120913	87	61
ENSG00000120915	61	5
ENSG00000120948	92	22
ENSG00000121022	23	36
ENSG00000121057	85	85
ENSG00000121390	47	17
ENSG00000121691	62	79
ENSG00000121769	45	60
ENSG00000122126	44	15
ENSG00000122218	5	22
ENSG00000122378	64	18
ENSG00000122545	6	13
ENSG00000122566	8	99
ENSG00000122694	22	13
ENSG00000122705	50	34
ENSG00000122733	99	98
ENSG00000122756	12	70
ENSG00000122778	23	78
ENSG00000122958	49	61
ENSG00000122966	89	80
ENSG00000122971	86	75
ENSG00000123104	75	7
ENSG00000123119	40	75
ENSG00000123130	32	5
ENSG00000123159	76	34
ENSG00000123213	35	40
ENSG00000123384	17	6
ENSG00000123395	58	84
ENSG00000123472	56	27
ENSG00000123545	79	17
ENSG00000123560	27	35
ENSG00000123684	87	67
ENSG00000123836	67	50
ENSG00000123992	16	5
ENSG00000124126	14	17
ENSG00000124155	34	46
ENSG00000124160	44	80
ENSG00000124164	27	84
ENSG00000124181	13	14
ENSG00000124207	54	50
ENSG00000124214	81	21
ENSG00000124222	99	1
ENSG00000124299	83	37
ENSG00000124313	93	89
ENSG00000124357	35	35
ENSG00000124406	89	25
ENSG00000124491	89	17
ENSG00000124507	1	81
ENSG00000124523	63	37
ENSG00000124570	82	15
ENSG00000124614	70	38
ENSG00000124767	58	13
ENSG00000124772	92	40
ENSG00000124783	30	28
ENSG00000124802	34	53
ENSG00000124942	53	95
ENSG00000125149	20	91
ENSG00000125166	32	1
ENSG00000125249	55	7
ENSG00000125458	33	85
ENSG00000125503	1	14
ENSG00000125648	91	64
ENSG00000125675	84	74
ENSG00000125730	45	91
ENSG00000125743	71	20
ENSG00000125772	16	18
ENSG00000125814	49	11
ENSG00000125821	19	54
ENSG00000125827	72	56
ENSG00000125844	43	49
ENSG00000125868	68	0
ENSG00000125912	36	87
ENSG00000125970	2	6
ENSG00000126016	88	95
ENSG00000126214	95	25
ENSG00000126247	98	88
ENSG00000126261	75	12
ENSG00000126432	13	1
ENSG00000126458	70	37
ENSG00000126522	80	4
ENSG00000126524	62	87
ENSG00000126581	74	17
ENSG00000126583	52	73
ENSG00000126602	59	51
ENSG00000126777	8	50
ENSG00000126803	64	87
ENSG00000126861	88	44
ENSG00000126878	44	98
ENSG00000126934	74	80
ENSG00000126950	5	96
ENSG00000126953	10	78
ENSG00000127445	40	79
ENSG00000127463	61	74
ENSG00000127481	44	5
ENSG00000127483	19	48
ENSG00000127527	16	67
ENSG00000127561	87	89
ENSG00000127585	72	75
ENSG00000127588	50	81
ENSG00000127603	20	3
ENSG00000127824	38	27
ENSG00000127837	16	25
ENSG00000127884	7	51
ENSG00000127948	58	47
ENSG00000127955	61	39
ENSG00000128050	11	59
ENSG00000128059	4	49
ENSG00000128245	36	65
ENSG00000128266	52	82
ENSG00000128309	90	9
ENSG00000128463	87	47
ENSG00000128487	96	94
ENSG00000128512	82	25
ENSG00000128524	25	6
ENSG00000128564	57	99
ENSG00000128591	87	88
ENSG00000128656	56	82
ENSG00000128683	67	31
ENSG00000128872	24	99
ENSG00000128928	37	83
ENSG00000129003	73	30
ENSG00000129083	2	1
ENSG00000129084	64	3
ENSG00000129103	94	93
ENSG00000129151	80	51
ENSG00000129245	13	37
ENSG00000129351	12	88
ENSG00000129625	42	18
ENSG00000129636	61	5
ENSG00000129675	61	2
ENSG00000130175	11	20
ENSG00000130193	1	1
ENSG00000130203	81	37
ENSG00000130204	8	1
ENSG00000130226	49	85
ENSG00000130227	61	80
ENSG00000130254	34	85
ENSG00000130287	21	60
ENSG00000130294	40	79
ENSG00000130304	78	15
ENSG00000130313	17	45
ENSG00000130396	45	64
ENSG00000130414	9	9
ENSG00000130429	25	84
ENSG00000130540	47	61
ENSG00000130558	6	78
ENSG00000130559	97	50
ENSG00000130560	27	94
ENSG00000130640	83	66
ENSG00000130669	14	96
ENSG00000130725	38	17
ENSG00000130726	30	2
ENSG00000130741	38	58
ENSG00000130748	37	15
ENSG00000130764	43	85
ENSG00000130779	42	40
ENSG00000130787	39	10
ENSG00000130830	73	29
ENSG00000130956	6	93
ENSG00000130985	19	40
ENSG00000131016	31	86
ENSG00000131018	69	39
ENSG00000131051	79	30
ENSG00000131067	65	0
ENSG00000131069	4	73
ENSG00000131089	94	76
ENSG00000131143	25	50
ENSG00000131171	18	90
ENSG00000131236	46	38
ENSG00000131378	44	26
ENSG00000131409	54	66
ENSG00000131435	13	29
ENSG00000131469	81	44
ENSG00000131473	10	27
ENSG00000131475	59	22
ENSG00000131558	27	12
ENSG00000131626	49	1
ENSG00000131711	25	30
ENSG00000131725	62	17
ENSG00000131773	78	89
ENSG00000131828	37	56
ENSG00000131966	96	60
ENSG00000131981	53	71
ENSG00000132002	73	41
ENSG00000132153	61	84
ENSG00000132182	88	68
ENSG00000132254	22	10
ENSG00000132305	3	90
ENSG00000132330	99	97
ENSG00000132359	3	41
ENSG00000132376	54	77
ENSG00000132434	46	31
ENSG00000132470	23	20
ENSG00000132471	16	12
ENSG00000132535	13	54
ENSG00000132563	69	56
ENSG00000132589	59	10
ENSG00000132622	55	37
ENSG00000132639	77	36
ENSG00000132688	57	28
ENSG00000132692	47	44
ENSG00000132694	71	14
ENSG00000132702	0	80
ENSG00000132718	97	64
ENSG00000132792	22	0
ENSG00000132912	3	36
ENSG00000133026	40	42
ENSG00000133083	63	12
ENSG00000133313	4	33
ENSG00000133318	30	50
ENSG00000133401	49	81
ENSG00000133612	29	4
ENSG00000133706	79	24
ENSG00000133731	8	55
ENSG00000133742	0	7
ENSG00000133789	53	64
ENSG00000133805	63	20
ENSG00000133818	96	53
ENSG00000133943	50	94
ENSG00000133961	95	66
ENSG00000133985	38	30
ENSG00000134001	45	81
ENSG00000134014	80	60
ENSG00000134121	60	25
ENSG00000134201	68	26
ENSG00000134243	43	8
ENSG00000134265	44	5
ENSG00000134278	9	62
ENSG00000134318	64	40
ENSG00000134369	42	16
ENSG00000134440	92	36
ENSG00000134444	55	51
ENSG00000134575	88	79
ENSG00000134588	56	93
ENSG00000134594	66	24
ENSG00000134684	61	27
ENSG00000134780	57	93
ENSG00000134864	45	3
ENSG00000134900	79	7
ENSG00000134905	18	7
ENSG00000134909	76	63
ENSG00000134996	65	60
ENSG00000135049	10	83
ENSG00000135069	9	59
ENSG00000135070	69	44
ENSG00000135090	98	87
ENSG00000135108	77	14
ENSG00000135249	94	98
ENSG00000135250	15	30
ENSG00000135298	80	91
ENSG00000135316	83	58
ENSG00000135387	63	11
ENSG00000135424	91	22
ENSG00000135439	46	83
ENSG00000135441	79	33
ENSG00000135473	90	34
ENSG00000135525	8	35
ENSG00000135537	87	83
ENSG00000135597	95	99
ENSG00000135624	55	65
ENSG00000135631	99	87
ENSG00000135655	78	80
ENSG00000135678	36	96
ENSG00000135709	13	14
ENSG00000135720	41	51
ENSG00000135744	25	94
ENSG00000135778	31	49
ENSG00000135821	43	18
ENSG00000135829	35	20
ENSG00000135862	74	72
ENSG00000135900	3	35
ENSG00000135919	88	10
ENSG00000135932	76	62
ENSG00000135940	35	48
ENSG00000136021	60	46
ENSG00000136026	70	21
ENSG00000136044	25	78
ENSG00000136051	93	58
ENSG00000136068	93	76
ENSG00000136111	95	17
ENSG00000136143	10	66
ENSG00000136167	78	87
ENSG00000136205	41	54
ENSG00000136267	63	61
ENSG00000136270	82	81
ENSG00000136319	88	14
ENSG00000136450	28	84
ENSG00000136478	94	82
ENSG00000136521	2	47
ENSG00000136527	0	17
ENSG00000136541	51	97
ENSG00000136628	63	58
ENSG00000136631	79	8
ENSG00000136717	6	9
ENSG00000136731	1	34
ENSG00000136738	71	74
ENSG00000136783	29	27
ENSG00000136802	9	82
ENSG00000136810	59	96
ENSG00000136827	69	90
ENSG00000136830	84	57
ENSG00000136842	69	40
ENSG00000136854	40	37
ENSG00000136888	40	47
ENSG00000136950	63	91
ENSG00000137055	71	43
ENSG00000137076	23	21
ENSG00000137100	33	8
ENSG00000137106	12	71
ENSG00000137168	40	67
ENSG00000137274	94	5
ENSG00000137409	48	92
ENSG00000137486	88	90
ENSG00000137497	15	69
ENSG00000137509	21	65
ENSG00000137563	80	66
ENSG00000137575	47	24
ENSG00000137710	65	93
ENSG00000137824	18	58
ENSG00000137825	3	76
ENSG00000137845	22	84
ENSG00000137942	54	16
ENSG00000137944	46	3
ENSG00000137955	35	9
ENSG00000137992	26	71
ENSG00000137996	79	67
ENSG00000138029	46	23
ENSG00000138032	31	45
ENSG00000138035	97	67
ENSG00000138071	26	0
ENSG00000138073	65	84
ENSG00000138078	7	12
ENSG00000138095	5	54
ENSG00000138175	90	20
ENSG00000138246	53	54
ENSG00000138279	28	52
ENSG00000138363	43	28
ENSG00000138385	41	98
ENSG00000138411	86	52
ENSG00000138413	65	88
ENSG00000138430	3	7
ENSG00000138434	41	57
ENSG00000138443	18	80
ENSG00000138594	76	45
ENSG00000138663	69	18
ENSG00000138674	3	10
ENSG00000138698	48	40
ENSG00000138750	75	36
ENSG00000138758	45	28
ENSG00000138760	29	95
ENSG00000138768	25	17
ENSG00000138772	56	95
ENSG00000138777	66	77
ENSG00000138796	15	81
ENSG00000138802	99	81
ENSG00000138814	83	72
ENSG00000138834	32	15
ENSG00000139131	35	27
ENSG00000139180	65	56
ENSG00000139220	72	68
ENSG00000139410	71	9
ENSG00000139428	48	91
ENSG00000139433	62	98
ENSG00000139641	67	76
ENSG00000139722	52	28
ENSG00000139910	97	46
ENSG00000139970	28	20
ENSG00000140043	13	7
ENSG00000140105	87	70
ENSG00000140365	85	65
ENSG00000140416	87	85
ENSG00000140474	39	63
ENSG00000140538	45	48
ENSG00000140545	70	99
ENSG00000140553	52	69
ENSG00000140600	37	43
ENSG00000140688	12	74
ENSG00000140718	82	37
ENSG00000140740	43	70
ENSG00000140848	75	42
ENSG00000140854	11	73
ENSG00000140990	39	12
ENSG00000140992	51	58
ENSG00000141279	26	24
ENSG00000141367	16	68
ENSG00000141376	29	58
ENSG00000141385	67	26
ENSG00000141425	49	50
ENSG00000141447	98	4
ENSG00000141458	22	29
ENSG00000141560	89	21
ENSG00000141564	14	53
ENSG00000141959	32	9
ENSG00000141985	90	97
ENSG00000142186	23	36
ENSG00000142192	12	92
ENSG00000142235	69	91
ENSG00000142453	9	69
ENSG00000142634	57	49
ENSG00000142655	78	15
ENSG00000142657	0	45
ENSG00000142676	10	45
ENSG00000142910	43	69
ENSG00000142937	46	96
ENSG00000142949	7	87
ENSG00000143149	5	52
ENSG00000143153	34	39
ENSG00000143222	62	28
ENSG00000143353	46	13
ENSG00000143363	57	16
ENSG00000143376	74	37
ENSG00000143409	31	85
ENSG00000143416	57	7
ENSG00000143549	89	90
ENSG00000143569	95	27
ENSG00000143575	42	93
ENSG00000143621	41	11
ENSG00000143653	67	58
ENSG00000143727	59	84
ENSG00000143772	38	32
ENSG00000143776	50	99
ENSG00000143799	32	34
ENSG00000143819	67	25
ENSG00000143850	4	53
ENSG00000143858	60	4
ENSG00000143870	63	53
ENSG00000143977	93	25
ENSG00000144028	95	40
ENSG00000144036	37	2
ENSG00000144040	59	70
ENSG00000144306	99	45
ENSG00000144320	9	88
ENSG00000144369	58	55
ENSG00000144381	45	36
ENSG00000144566	39	4
ENSG00000144619	72	87
ENSG00000144647	6	75
ENSG00000144674	48	37
ENSG00000144711	36	37
ENSG00000144744	19	1
ENSG00000144746	82	28
ENSG00000144827	34	72
ENSG00000144834	16	48
ENSG00000144847	82	72
ENSG00000144848	88	79
ENSG00000144908	8	12
ENSG00000144959	41	85
ENSG00000145214	54	88
ENSG00000145335	93	65
ENSG00000145349	47	71
ENSG00000145354	35	86
ENSG00000145391	13	47
ENSG00000145715	75	25
ENSG00000145833	28	69
ENSG00000145882	22	48
ENSG00000145920	73	54
ENSG00000145990	31	43
ENSG00000146005	55	6
ENSG00000146006	85	68
ENSG00000146085	6	44
ENSG00000146122	80	89
ENSG00000146216	66	82
ENSG00000146476	100	64
ENSG00000146701	24	75
ENSG00000146828	81	49
ENSG00000147044	1	56
ENSG00000147123	34	92
ENSG00000147140	50	1
ENSG00000147162	72	26
ENSG00000147383	8	44
ENSG00000147459	43	51
ENSG00000147526	75	58
ENSG00000147677	67	26
ENSG00000147684	83	78
ENSG00000147799	56	27
ENSG00000147853	47	29
ENSG00000148053	94	49
ENSG00000148090	77	59
ENSG00000148158	52	46
ENSG00000148218	45	41
ENSG00000148339	57	3
ENSG00000148341	61	53
ENSG00000148356	11	61
ENSG00000148396	20	55
ENSG00000148408	8	26
ENSG00000148444	14	89
ENSG00000148468	80	40
ENSG00000148484	68	66
ENSG00000148498	97	79
ENSG00000148660	1	55
ENSG00000148700	15	60
ENSG00000148798	13	22
ENSG00000148834	68	87
ENSG00000149084	76	62
ENSG00000149091	62	61
ENSG00000149115	92	29
ENSG00000149131	27	68
ENSG00000149136	20	70
ENSG00000149177	64	42
ENSG00000149182	0	84
ENSG00000149218	52	71
ENSG00000149260	94	61
ENSG00000149269	45	48
ENSG00000149273	73	25
ENSG00000149294	48	1
ENSG00000149313	63	77
ENSG00000149357	47	66
ENSG00000149476	7	45
ENSG00000149541	26	20
ENSG00000149591	77	48
ENSG00000149792	99	95
ENSG00000149798	81	86
ENSG00000149823	55	76
ENSG00000149925	53	6
ENSG00000149930	91	3
ENSG00000149970	61	52
ENSG00000150093	48	61
ENSG00000150471	75	74
ENSG00000150540	50	62
ENSG00000150625	23	12
ENSG00000150627	27	33
ENSG00000150656	5	68
ENSG00000150672	36	43
ENSG00000150753	18	78
ENSG00000150764	94	97
ENSG00000150768	21	63
ENSG00000150867	72	12
ENSG00000150995	31	9
ENSG00000151025	66	80
ENSG00000151150	72	61
ENSG00000151240	43	79
ENSG00000151327	87	11
ENSG00000151366	53	23
ENSG00000151376	20	93
ENSG00000151461	77	59
ENSG00000151498	47	16
ENSG00000151502	11	59
ENSG00000151552	0	91
ENSG00000151640	38	3
ENSG00000151689	98	90
ENSG00000151779	70	81
ENSG00000151806	34	86
ENSG00000151835	83	95
ENSG00000151914	25	78
ENSG00000151929	70	78
ENSG00000152137	97	62
ENSG00000152234	12	39
ENSG00000152256	47	63
ENSG00000152402	68	55
ENSG00000152409	83	84
ENSG00000152413	5	36
ENSG00000152503	72	6
ENSG00000152556	32	33
ENSG00000152583	92	68
ENSG00000152620	28	7
ENSG00000152642	31	22
ENSG00000152684	22	75
ENSG00000152700	30	73
ENSG00000152767	7	68
ENSG00000152818	62	32
ENSG00000152904	24	12
ENSG00000153187	30	97
ENSG00000153201	75	10
ENSG00000153291	32	94
ENSG00000153310	76	22
ENSG00000153317	35	4
ENSG00000153902	57	19
ENSG00000153904	60	4
ENSG00000153933	66	95
ENSG00000153956	72	81
ENSG00000154027	32	64
ENSG00000154174	17	54
ENSG00000154222	22	29
ENSG00000154229	36	45
ENSG00000154310	65	80
ENSG00000154380	48	99
ENSG00000154556	73	2
ENSG00000154582	26	32
ENSG00000154654	24	22
ENSG00000154710	49	51
ENSG00000154719	30	33
ENSG00000154723	83	94
ENSG00000154945	98	38
ENSG00000155034	71	49
ENSG00000155052	81	75
ENSG00000155097	70	16
ENSG00000155229	94	86
ENSG00000155506	32	48
ENSG00000155660	44	19
ENSG00000155849	99	19
ENSG00000155906	79	18
ENSG00000155959	76	81
ENSG00000155961	66	10
ENSG00000155980	38	85
ENSG00000156011	78	96
ENSG00000156026	12	96
ENSG00000156052	14	68
ENSG00000156110	85	45
ENSG00000156113	94	86
ENSG00000156261	10	11
ENSG00000156299	96	62
ENSG00000156453	59	9
ENSG00000156467	16	66
ENSG00000156508	75	96
ENSG00000156642	11	23
ENSG00000156709	4	40
ENSG00000156873	11	29
ENSG00000156973	78	33
ENSG00000156976	36	94
ENSG00000157036	99	92
ENSG00000157087	68	52
ENSG00000157103	87	14
ENSG00000157106	65	71
ENSG00000157184	11	46
ENSG00000157353	7	10
ENSG00000157470	34	61
ENSG00000157500	40	6
ENSG00000157514	91	22
ENSG00000157538	99	81
ENSG00000157540	31	32
ENSG00000157601	9	4
ENSG00000157766	33	30
ENSG00000157823	82	87
ENSG00000157827	21	96
ENSG00000157851	89	53
ENSG00000157985	70	51
ENSG00000158092	84	10
ENSG00000158480	13	75
ENSG00000158623	89	0
ENSG00000158710	13	4
ENSG00000158716	87	82
ENSG00000158793	51	32
ENSG00000158856	19	3
ENSG00000158864	32	52
ENSG00000158941	61	54
ENSG00000159023	39	80
ENSG00000159082	16	8
ENSG00000159164	13	58
ENSG00000159176	90	20
ENSG00000159210	49	56
ENSG00000159348	76	99
ENSG00000159352	64	40
ENSG00000159377	86	27
ENSG00000159423	63	62
ENSG00000159593	64	50
ENSG00000159685	81	97
ENSG00000159692	64	92
ENSG00000159713	60	78
ENSG00000159720	61	28
ENSG00000159784	21	43
ENSG00000159788	34	19
ENSG00000160007	20	17
ENSG00000160209	33	84
ENSG00000160211	1	38
ENSG00000160213	23	41
ENSG00000160216	78	14
ENSG00000160221	28	42
ENSG00000160299	90	43
ENSG00000160360	62	62
ENSG00000160460	54	80
ENSG00000160551	95	72
ENSG00000160710	17	25
ENSG00000160752	95	32
ENSG00000160789	90	42
ENSG00000160972	9	91
ENSG00000161057	16	2
ENSG00000161203	43	46
ENSG00000161513	26	7
ENSG00000161533	56	82
ENSG00000161681	33	70
ENSG00000161682	29	98
ENSG00000161714	75	49
ENSG00000162065	20	35
ENSG00000162069	91	59
ENSG00000162105	73	91
ENSG00000162129	57	12
ENSG00000162174	98	28
ENSG00000162231	89	77
ENSG00000162368	46	45
ENSG00000162377	78	83
ENSG00000162378	97	43
ENSG00000162384	57	83
ENSG00000162407	18	56
ENSG00000162517	76	31
ENSG00000162613	41	11
ENSG00000162616	58	9
ENSG00000162688	11	35
ENSG00000162729	56	72
ENSG00000162734	75	15
ENSG00000162736	51	69
ENSG00000162813	76	32
ENSG00000162819	92	63
ENSG00000162869	44	40
ENSG00000162909	44	93
ENSG00000163013	84	75
ENSG00000163032	33	87
ENSG00000163050	91	69
ENSG00000163281	61	29
ENSG00000163344	68	41
ENSG00000163346	1	59
ENSG00000163359	67	51
ENSG00000163382	39	46
ENSG00000163399	38	26
ENSG00000163462	58	98
ENSG00000163466	29	23
ENSG00000163468	14	51
ENSG00000163517	40	30
ENSG00000163527	83	8
ENSG00000163531	29	22
ENSG00000163539	46	64
ENSG00000163564	66	0
ENSG00000163618	28	10
ENSG00000163625	73	97
ENSG00000163636	16	11
ENSG00000163637	54	59
ENSG00000163655	15	1
ENSG00000163682	25	63
ENSG00000163704	21	43
ENSG00000163754	76	14
ENSG00000163818	53	3
ENSG00000163902	20	13
ENSG00000163931	38	35
ENSG00000163995	35	1
ENSG00000164022	2	43
ENSG00000164050	40	43
ENSG00000164051	94	77
ENSG00000164061	0	62
ENSG00000164062	87	0
ENSG00000164068	89	79
ENSG00000164070	14	9
ENSG00000164089	99	90
ENSG00000164091	99	65
ENSG00000164111	35	79
ENSG00000164144	34	31
ENSG00000164182	7	9
ENSG00000164237	90	33
ENSG00000164258	46	93
ENSG00000164303	8	98
ENSG00000164398	78	22
ENSG00000164402	30	77
ENSG00000164466	0	91
ENSG00000164587	52	30
ENSG00000164687	85	82
ENSG00000164830	10	1
ENSG00000164885	62	33
ENSG00000164904	3	8
ENSG00000164924	27	13
ENSG00000164951	2	85
ENSG00000164961	32	54
ENSG00000164983	92	28
ENSG00000165023	84	25
ENSG00000165028	95	56
ENSG00000165118	77	21
ENSG00000165175	23	62
ENSG00000165219	18	14
ENSG00000165264	12	98
ENSG00000165280	44	57
ENSG00000165283	10	88
ENSG00000165416	5	4
ENSG00000165434	74	18
ENSG00000165443	21	7
ENSG00000165458	67	21
ENSG00000165475	4	0
ENSG00000165478	15	37
ENSG00000165629	39	78
ENSG00000165637	44	63
ENSG00000165672	52	35
ENSG00000165699	45	5
ENSG00000165704	34	79
ENSG00000165795	5	2
ENSG00000165861	73	11
ENSG00000165868	71	11
ENSG00000165898	73	87
ENSG00000165916	47	75
ENSG00000166033	83	89
ENSG00000166136	73	91
ENSG00000166140	3	74
ENSG00000166165	55	44
ENSG00000166181	96	7
ENSG00000166200	42	39
ENSG00000166206	85	80
ENSG00000166226	19	40
ENSG00000166228	74	60
ENSG00000166266	9	45
ENSG00000166333	31	42
ENSG00000166347	89	69
ENSG00000166394	45	79
ENSG00000166411	44	72
ENSG00000166501	23	47
ENSG00000166579	69	70
ENSG00000166595	95	68
ENSG00000166598	55	28
ENSG00000166747	58	11
ENSG00000166794	34	72
ENSG00000166816	54	75
ENSG00000166847	5	60
ENSG00000166848	48	91
ENSG00000166887	65	16
ENSG00000166908	44	20
ENSG00000166963	13	24
ENSG00000166986	83	63
ENSG00000167004	13	19
ENSG00000167085	0	60
ENSG00000167107	27	70
ENSG00000167114	12	94
ENSG00000167191	15	48
ENSG00000167193	58	16
ENSG00000167283	4	84
ENSG00000167315	14	38
ENSG00000167323	85	80
ENSG00000167363	17	4
ENSG00000167378	17	92
ENSG00000167460	80	35
ENSG00000167461	63	55
ENSG00000167468	42	14
ENSG00000167508	49	16
ENSG00000167526	59	34
ENSG00000167578	44	9
ENSG00000167588	26	83
ENSG00000167632	96	18
ENSG00000167641	24	79
ENSG00000167658	37	86
ENSG00000167671	33	75
ENSG00000167699	18	63
ENSG00000167720	15	36
ENSG00000167770	32	53
ENSG00000167792	0	31
ENSG00000167863	6	23
ENSG00000167881	4	24
ENSG00000167969	8	89
ENSG00000167971	65	97
ENSG00000167978	81	94
ENSG00000167986	22	42
ENSG00000168003	20	13
ENSG00000168028	93	30
ENSG00000168036	85	87
ENSG00000168090	69	78
ENSG00000168118	70	65
ENSG00000168172	8	30
ENSG00000168259	51	60
ENSG00000168291	50	51
ENSG00000168374	23	77
ENSG00000168385	6	95
ENSG00000168439	11	71
ENSG00000168481	70	8
ENSG00000168490	19	12
ENSG00000168522	24	68
ENSG00000168610	18	20
ENSG00000168763	75	41
ENSG00000168827	78	67
ENSG00000168952	44	62
ENSG00000168959	6	55
ENSG00000168993	59	19
ENSG00000169020	2	9
ENSG00000169032	7	52
ENSG00000169093	78	34
ENSG00000169100	1	76
ENSG00000169139	89	26
ENSG00000169221	92	84
ENSG00000169223	49	7
ENSG00000169258	17	8
ENSG00000169288	66	41
ENSG00000169299	41	63
ENSG00000169398	87	19
ENSG00000169499	31	48
ENSG00000169641	39	55
ENSG00000169710	80	22
ENSG00000169727	93	62
ENSG00000169738	58	70
ENSG00000169750	21	77
ENSG00000169764	10	28
ENSG00000169813	24	94
ENSG00000169851	84	64
ENSG00000169862	72	77
ENSG00000169891	97	1
ENSG00000170027	38	50
ENSG00000170144	51	50
ENSG00000170248	33	5
ENSG00000170348	49	38
ENSG00000170502	65	32
ENSG00000170515	80	64
ENSG00000170542	83	58
ENSG00000170558	60	61
ENSG00000170606	62	29
ENSG00000170634	43	36
ENSG00000170759	17	77
ENSG00000170860	93	70
ENSG00000170876	44	32
ENSG00000171100	92	2
ENSG00000171132	26	23
ENSG00000171202	22	83
ENSG00000171246	64	0
ENSG00000171262	79	76
ENSG00000171298	70	34
ENSG00000171368	74	51
ENSG00000171444	36	70
ENSG00000171497	72	49
ENSG00000171503	0	15
ENSG00000171530	57	71
ENSG00000171533	12	66
ENSG00000171557	75	4
ENSG00000171560	25	55
ENSG00000171603	30	48
ENSG00000171723	24	0
ENSG00000171724	49	4
ENSG00000171766	2	5
ENSG00000171798	53	86
ENSG00000171840	90	19
ENSG00000171863	5	7
ENSG00000171867	56	43
ENSG00000171885	71	2
ENSG00000171914	15	55
ENSG00000171951	81	19
ENSG00000172007	1	55
ENSG00000172009	0	29
ENSG00000172037	53	1
ENSG00000172115	66	54
ENSG00000172164	37	89
ENSG00000172172	86	92
ENSG00000172239	98	15
ENSG00000172270	97	81
ENSG00000172340	6	30
ENSG00000172500	52	57
ENSG00000172508	24	96
ENSG00000172531	50	72
ENSG00000172534	22	42
ENSG00000172757	21	22
ENSG00000172803	16	41
ENSG00000172869	42	79
ENSG00000172939	57	27
ENSG00000173039	82	62
ENSG00000173064	48	4
ENSG00000173171	45	76
ENSG00000173210	24	82
ENSG00000173267	71	3
ENSG00000173402	79	12
ENSG00000173486	54	81
ENSG00000173540	4	27
ENSG00000173599	36	76
ENSG00000173611	37	72
ENSG00000173692	48	51
ENSG00000173786	8	80
ENSG00000173801	62	7
ENSG00000173898	8	33
ENSG00000174173	50	62
ENSG00000174238	78	74
ENSG00000174243	51	5
ENSG00000174791	52	50
ENSG00000174840	10	72
ENSG00000174842	17	78
ENSG00000174996	61	16
ENSG00000175073	8	84
ENSG00000175110	18	99
ENSG00000175115	6	18
ENSG00000175130	60	99
ENSG00000175166	51	49
ENSG00000175198	36	10
ENSG00000175203	36	24
ENSG00000175216	29	28
ENSG00000175220	85	47
ENSG00000175224	5	59
ENSG00000175287	34	33
ENSG00000175324	99	69
ENSG00000175334	88	94
ENSG00000175390	11	18
ENSG00000175416	35	14
ENSG00000175470	79	52
ENSG00000175497	17	47
ENSG00000175662	28	89
ENSG00000175866	21	55
ENSG00000175899	20	77
ENSG00000175931	41	12
ENSG00000175970	98	81
ENSG00000176055	10	53
ENSG00000176148	22	78
ENSG00000176393	20	44
ENSG00000176422	91	0
ENSG00000176454	1	45
ENSG00000176490	96	17
ENSG00000176533	90	26
ENSG00000176619	9	75
ENSG00000176623	62	73
ENSG00000176658	13	72
ENSG00000176715	99	57
ENSG00000176973	11	84
ENSG00000176978	91	38
ENSG00000176986	92	72
ENSG00000177034	72	74
ENSG00000177156	27	95
ENSG00000177272	99	19
ENSG00000177380	26	73
ENSG00000177556	74	74
ENSG00000177600	2	97
ENSG00000177614	50	51
ENSG00000177646	84	83
ENSG00000177728	59	66
ENSG00000177879	37	94
ENSG00000177885	77	95
ENSG00000177963	1	95
ENSG00000178127	39	6
ENSG00000178188	83	27
ENSG00000178209	20	46
ENSG00000178307	30	39
ENSG00000178445	65	81
ENSG00000178467	79	98
ENSG00000178537	97	49
ENSG00000178695	50	39
ENSG00000178773	35	84
ENSG00000178802	38	93
ENSG00000178814	86	33
ENSG00000178921	3	39
ENSG00000178922	21	70
ENSG00000178950	84	55
ENSG00000178952	11	58
ENSG00000179115	44	67
ENSG00000179163	87	34
ENSG00000179218	11	70
ENSG00000179262	30	35
ENSG00000179271	22	93
ENSG00000179295	0	78
ENSG00000179364	28	38
ENSG00000179820	68	39
ENSG00000179832	64	76
ENSG00000179958	99	96
ENSG00000180104	73	26
ENSG00000180228	38	24
ENSG00000180329	69	86
ENSG00000180370	43	16
ENSG00000180611	45	10
ENSG00000180817	20	57
ENSG00000180879	75	15
ENSG00000180902	21	33
ENSG00000180957	70	38
ENSG00000181019	84	97
ENSG00000181467	17	32
ENSG00000181789	16	63
ENSG00000181873	44	83
ENSG00000182054	35	38
ENSG00000182134	31	30
ENSG00000182149	70	51
ENSG00000182253	32	26
ENSG00000182446	65	73
ENSG00000182473	51	32
ENSG00000182492	92	11
ENSG00000182621	15	61
ENSG00000182718	59	76
ENSG00000182732	12	15
ENSG00000182827	27	25
ENSG00000182836	73	75
ENSG00000182871	71	50
ENSG00000182901	67	78
ENSG00000182985	85	2
ENSG00000183023	95	49
ENSG00000183048	82	98
ENSG00000183049	65	7
ENSG00000183186	95	93
ENSG00000183207	19	82
ENSG00000183248	48	75
ENSG00000183291	84	0
ENSG00000183431	53	21
ENSG00000183597	84	24
ENSG00000183648	39	22
ENSG00000183735	90	31
ENSG00000183773	90	61
ENSG00000183775	69	82
ENSG00000183785	38	42
ENSG00000183828	66	74
ENSG00000184056	27	42
ENSG00000184117	97	100
ENSG00000184144	10	43
ENSG00000184207	58	45
ENSG00000184226	96	52
ENSG00000184227	71	0
ENSG00000184357	2	66
ENSG00000184368	94	68
ENSG00000184408	59	36
ENSG00000184432	97	34
ENSG00000184575	60	29
ENSG00000184613	55	37
ENSG00000184743	36	64
ENSG00000184831	86	49
ENSG00000185009	48	21
ENSG00000185046	50	84
ENSG00000185104	69	57
ENSG00000185189	27	23
ENSG00000185236	70	9
ENSG00000185305	61	94
ENSG00000185359	19	10
ENSG00000185418	86	29
ENSG00000185420	16	65
ENSG00000185567	84	88
ENSG00000185615	54	85
ENSG00000185624	7	71
ENSG00000185627	21	60
ENSG00000185666	5	31
ENSG00000185721	91	24
ENSG00000185722	24	70
ENSG00000185813	53	98
ENSG00000185875	87	90
ENSG00000185896	8	66
ENSG00000185950	54	80
ENSG00000185963	93	11
ENSG00000185973	89	45
ENSG00000186010	43	65
ENSG00000186063	78	58
ENSG00000186205	66	18
ENSG00000186472	94	42
ENSG00000186522	43	86
ENSG00000186635	94	35
ENSG00000186642	60	13
ENSG00000186716	38	50
ENSG00000187091	62	41
ENSG00000187109	88	73
ENSG00000187164	77	49
ENSG00000187231	90	20
ENSG00000187239	2	82
ENSG00000187323	67	94
ENSG00000187391	53	47
ENSG00000187446	73	48
ENSG00000187555	64	11
ENSG00000187672	53	0
ENSG00000188157	68	33
ENSG00000188191	46	59
ENSG00000188243	97	34
ENSG00000188385	87	99
ENSG00000188783	6	71
ENSG00000189058	50	96
ENSG00000189091	74	8
ENSG00000189171	55	98
ENSG00000189195	89	97
ENSG00000189221	10	17
ENSG00000196136	40	66
ENSG00000196220	20	19
ENSG00000196290	65	82
ENSG00000196305	8	69
ENSG00000196353	55	61
ENSG00000196365	19	3
ENSG00000196405	77	13
ENSG00000196455	8	73
ENSG00000196465	51	87
ENSG00000196535	69	26
ENSG00000196569	48	32
ENSG00000196576	61	65
ENSG00000196586	95	69
ENSG00000196712	0	35
ENSG00000196743	93	96
ENSG00000196792	87	71
ENSG00000196872	22	22
ENSG00000196876	25	47
ENSG00000196914	92	42
ENSG00000196924	35	67
ENSG00000196961	43	56
ENSG00000196975	92	60
ENSG00000197043	12	57
ENSG00000197045	49	78
ENSG00000197102	0	19
ENSG00000197106	85	92
ENSG00000197150	89	16
ENSG00000197157	46	15
ENSG00000197170	84	38
ENSG00000197355	96	7
ENSG00000197386	56	69
ENSG00000197442	93	85
ENSG00000197444	26	77
ENSG00000197448	80	37
ENSG00000197451	75	34
ENSG00000197548	35	3
ENSG00000197555	64	76
ENSG00000197694	17	32
ENSG00000197746	2	92
ENSG00000197872	81	51
ENSG00000197879	23	82
ENSG00000197892	42	19
ENSG00000197894	45	60
ENSG00000197912	77	48
ENSG00000197930	6	65
ENSG00000197959	49	37
ENSG00000198130	30	83
ENSG00000198231	76	54
ENSG00000198356	18	12
ENSG00000198380	21	77
ENSG00000198408	44	8
ENSG00000198513	56	35
ENSG00000198561	21	83
ENSG00000198585	63	6
ENSG00000198612	91	89
ENSG00000198626	40	52
ENSG00000198648	89	37
ENSG00000198712	89	74
ENSG00000198721	38	15
ENSG00000198752	56	70
ENSG00000198755	71	71
ENSG00000198780	27	61
ENSG00000198793	83	81
ENSG00000198805	27	90
ENSG00000198824	95	32
ENSG00000198832	15	44
ENSG00000198836	41	29
ENSG00000198837	43	47
ENSG00000198910	30	30
ENSG00000198931	26	57
ENSG00000198947	39	14
ENSG00000198954	74	2
ENSG00000198959	58	86
ENSG00000203485	76	70
ENSG00000203685	46	99
ENSG00000203879	28	33
ENSG00000204052	88	57
ENSG00000204120	7	80
ENSG00000204628	65	57
ENSG00000204673	53	59
ENSG00000204843	29	56
ENSG00000205302	9	52
ENSG00000205339	88	32
ENSG00000205726	66	61
ENSG00000205758	54	7
ENSG00000206053	92	18
ENSG00000206418	94	55
ENSG00000211455	56	30
ENSG00000211456	20	35
ENSG00000213339	94	97
ENSG00000213366	4	36
ENSG00000213463	66	48
ENSG00000213465	30	13
ENSG00000213516	36	84
ENSG00000213585	67	55
ENSG00000213639	49	37
ENSG00000213672	81	82
ENSG00000213995	15	28
ENSG00000214078	28	63
ENSG00000214338	53	13
ENSG00000214517	6	11
ENSG00000214736	93	88
ENSG00000215021	1	50
ENSG00000221823	45	98
ENSG00000221866	42	14
ENSG00000221914	88	25
ENSG00000230124	0	67
ENSG00000232434	93	92
ENSG00000233276	71	71
ENSG00000233927	27	70
ENSG00000239264	29	78
ENSG00000239857	87	88
ENSG00000239900	66	3
ENSG00000240344	15	62
ENSG00000240857	61	82
ENSG00000241360	96	94
ENSG00000241468	34	82
ENSG00000241553	18	41
ENSG00000241685	60	67
ENSG00000241837	51	89
ENSG00000241878	26	93
ENSG00000241973	37	74
ENSG00000242498	50	63
ENSG00000243156	66	47
ENSG00000243279	71	66
ENSG00000243789	12	45
ENSG00000243989	14	77
ENSG00000244005	43	59
ENSG00000244038	9	2
ENSG00000244734	69	70
ENSG00000247077	71	43
ENSG00000248098	75	3
ENSG00000249915	57	22
ENSG00000253729	3	0
ENSG00000254772	1	35
ENSG00000254999	88	97
ENSG00000256269	33	54
ENSG00000257727	34	91
ENSG00000259431	3	80
ENSG00000262655	42	71
ENSG00000262814	17	31
ENSG00000263001	15	5
ENSG00000265241	28	90
ENSG00000265808	7	22
ENSG00000267855	15	93
ENSG00000267909	72	85
ENSG00000272325	51	46
ENSG00000273079	44	87
ENSG00000277586	24	87
